{
  "tags": [
    {
      "ID": 1,
      "pose": {
        "translation": {
          "x": 0,
          "y": 4.8260000000000005,
          "z": 0.71754999999999991
        },
        "rotation": {
          "quaternion": {
            "W": 1,
            "X": 0,
            "Y": 0,
            "Z": 0
          }
        }
      }
    },
    {
      "ID": 2,
      "pose": {
        "translation": {
          "x": 5.3975,
          "y": 5.334,
          "z": 0.71754999999999991
        },
        "rotation": {
          "quaternion": {
            "W": 6.123233995736766E-17,
            "X": 0,
            "Y": 0,
            "Z": 1
          }
        }
      }
    },
    {
      "ID": 3,
      "pose": {
        "translation": {
          "x": 5.8420000000000005,
          "y": 1.524,
          "z": 0.76835000000000009
        },
        "rotation": {
          "quaternion": {
            "W": 6.123233995736766E-17,
            "X": 0,
            "Y": 0,
            "Z": 1
          }
        }
      }
    },
    {
      "ID": 4,
      "pose": {
        "translation": {
          "x": 3.937,
          "y": 0.0762,
          "z": 0.71754999999999991
        },
        "rotation": {
          "quaternion": {
            "W": 0.70710678118654757,
            "X": 0,
            "Y": 0,
            "Z": 0.70710678118654746
          }
        }
      }
    }
  ],
  "field": {
    "length": 6,
    "width": 5.5
  }
}